{
  "adjqty": 0.007147746626287699,
  "avg6rev": 0.005358646623790264,
  "callwait_Mean": 0.004889318719506264,
  "ccrndmou_Mean": 0.005136685911566019,
  "change_mou": 0.009487375617027283,
  "change_rev": 0.006964361295104027,
  "custcare_Mean": 0.006010526325553656,
  "da_Mean": 0.005055680405348539,
  "datovr_Mean": 0.0041807061061263084,
  "drop_blk_Mean": 0.006207581609487534,
  "eqpdays": 0.025030098855495453,
  "inonemin_Mean": 0.005955628119409084,
  "iwylis_vce_Mean": 0.006685799919068813,
  "months": 0.017949914559721947,
  "mou_Mean": 0.011262444779276848,
  "mou_opkd_Mean": 0.005392993334680796,
  "mou_opkv_Mean": 0.0068526179529726505,
  "mou_pead_Mean": 0.0052239797078073025,
  "mou_peav_Mean": 0.006895899306982756,
  "mou_rvce_Mean": 0.005705534014850855,
  "mouiwylisv_Mean": 0.00638903072103858,
  "mouowylisv_Mean": 0.0057214670814573765,
  "ovrmou_Mean": 0.008759818971157074,
  "owylis_vce_Mean": 0.005273603834211826,
  "plcd_dat_Mean": 0.005692785140126944,
  "rev_Mean": 0.007222900632768869,
  "roam_Mean": 0.00583032937720418,
  "threeway_Mean": 0.005478126462548971,
  "totmrc_Mean": 0.010437180288136005,
  "totrev": 0.005959094502031803,
  "unan_vce_Mean": 0.00534396804869175,
  "actvsubs_0": 0.003605340840294957,
  "actvsubs_1": 0.008937234990298748,
  "actvsubs_2": 0.0061592962592840195,
  "actvsubs_3": 0.004856189247220755,
  "actvsubs_4": 0.004501783289015293,
  "actvsubs_5": 0.005405133124440908,
  "actvsubs_6": 0.0,
  "actvsubs_7": 0.003269962500780821,
  "actvsubs_8": 0.0,
  "actvsubs_9": 0.0,
  "actvsubs_11": 0.0,
  "adults_1.0": 0.00469244783744216,
  "adults_2.0": 0.004538642708212137,
  "adults_3.0": 0.005111845210194588,
  "adults_4.0": 0.004968192428350449,
  "adults_5.0": 0.004359704442322254,
  "adults_6.0": 0.005650155711919069,
  "area_ATLANTIC SOUTH AREA": 0.004612473305314779,
  "area_CALIFORNIA NORTH AREA": 0.003962992690503597,
  "area_CENTRAL/SOUTH TEXAS AREA": 0.004605949390679598,
  "area_CHICAGO AREA": 0.004240827169269323,
  "area_DALLAS AREA": 0.004905257374048233,
  "area_DC/MARYLAND/VIRGINIA AREA": 0.007094935514032841,
  "area_GREAT LAKES AREA": 0.004627417307347059,
  "area_HOUSTON AREA": 0.005383325740695,
  "area_LOS ANGELES AREA": 0.005351880099624395,
  "area_MIDWEST AREA": 0.0061850049532949924,
  "area_NEW ENGLAND AREA": 0.004352672025561333,
  "area_NEW YORK CITY AREA": 0.004666160326451063,
  "area_NORTH FLORIDA AREA": 0.0053674690425395966,
  "area_NORTHWEST/ROCKY MOUNTAIN AREA": 0.011590059846639633,
  "area_OHIO AREA": 0.006701912730932236,
  "area_PHILADELPHIA AREA": 0.004743962083011866,
  "area_SOUTH FLORIDA AREA": 0.005493296775966883,
  "area_SOUTHWEST AREA": 0.005195086356252432,
  "area_TENNESSEE AREA": 0.004336925223469734,
  "asl_flag_N": 0.010917485691606998,
  "asl_flag_Y": 0.012678869068622589,
  "creditcd_N": 0.008826933801174164,
  "creditcd_Y": 0.006033339072018862,
  "dualband_N": 0.0067404164001345634,
  "dualband_T": 0.004303506575524807,
  "dualband_U": 0.004648932255804539,
  "dualband_Y": 0.009808255359530449,
  "ethnic_B": 0.005029517691582441,
  "ethnic_C": 0.005628417711704969,
  "ethnic_D": 0.004742041230201721,
  "ethnic_F": 0.004874983336776495,
  "ethnic_G": 0.004315925296396017,
  "ethnic_H": 0.008836701512336731,
  "ethnic_I": 0.005349657032638788,
  "ethnic_J": 0.0048485975712537766,
  "ethnic_M": 0.0041758217848837376,
  "ethnic_N": 0.00535260234028101,
  "ethnic_O": 0.011785709299147129,
  "ethnic_P": 0.0,
  "ethnic_R": 0.004152855835855007,
  "ethnic_S": 0.004658770747482777,
  "ethnic_U": 0.0042895167134702206,
  "ethnic_X": 0.004195116925984621,
  "ethnic_Z": 0.012714524753391743,
  "hnd_price_9.989997864": 0.007900684140622616,
  "hnd_price_29.98999023": 0.015762869268655777,
  "hnd_price_39.98999023": 0.0050520761869847775,
  "hnd_price_59.98999023": 0.005690413061529398,
  "hnd_price_79.98999023": 0.005840864963829517,
  "hnd_price_99.98999023": 0.004003285430371761,
  "hnd_price_119.9899902": 0.0,
  "hnd_price_129.9899902": 0.005143470596522093,
  "hnd_price_149.9899902": 0.006796546746045351,
  "hnd_price_159.9899902": 0.0,
  "hnd_price_179.9899902": 0.0038797305896878242,
  "hnd_price_199.9899902": 0.010439973324537277,
  "hnd_price_239.9899902": 0.00429774122312665,
  "hnd_price_249.9899902": 0.005528730805963278,
  "hnd_price_299.9899902": 0.003605244681239128,
  "hnd_price_399.9899902": 0.0055898940190672874,
  "hnd_price_499.9899902": 0.00362535216845572,
  "hnd_webcap_UNKW": 0.0,
  "hnd_webcap_WC": 0.005339127033948898,
  "hnd_webcap_WCMB": 0.0063393330201506615,
  "income_1.0": 0.004470885265618563,
  "income_2.0": 0.004614823032170534,
  "income_3.0": 0.004281764384359121,
  "income_4.0": 0.0046678995713591576,
  "income_5.0": 0.004495619796216488,
  "income_6.0": 0.0044889142736792564,
  "income_7.0": 0.0047491323202848434,
  "income_8.0": 0.004754877649247646,
  "income_9.0": 0.008794929832220078,
  "lor_0.0": 0.004723777063190937,
  "lor_1.0": 0.015085610561072826,
  "lor_2.0": 0.006279259454458952,
  "lor_3.0": 0.004418897442519665,
  "lor_4.0": 0.005008595995604992,
  "lor_5.0": 0.0036877579987049103,
  "lor_6.0": 0.004603297915309668,
  "lor_7.0": 0.004910191521048546,
  "lor_8.0": 0.004923401866108179,
  "lor_9.0": 0.003520839847624302,
  "lor_10.0": 0.004370157141238451,
  "lor_11.0": 0.00450577586889267,
  "lor_12.0": 0.00569277023896575,
  "lor_13.0": 0.004478957504034042,
  "lor_14.0": 0.004703807644546032,
  "lor_15.0": 0.010608003474771976,
  "marital_A": 0.004760290961712599,
  "marital_B": 0.004696976859122515,
  "marital_M": 0.005133288912475109,
  "marital_S": 0.005528449080884457,
  "marital_U": 0.008645669557154179,
  "models_1.0": 0.012775513343513012,
  "models_2.0": 0.0053282082080841064,
  "models_3.0": 0.004062253050506115,
  "models_4.0": 0.004723537713289261,
  "models_5.0": 0.004217843990772963,
  "models_6.0": 0.0040189106948673725,
  "models_7.0": 0.004198424983769655,
  "models_8.0": 0.004495666828006506,
  "models_9.0": 0.005288078915327787,
  "models_10.0": 0.0,
  "models_11.0": 0.0,
  "models_14.0": 0.0,
  "models_16.0": 0.0,
  "new_cell_N": 0.004607276991009712,
  "new_cell_U": 0.004684765823185444,
  "new_cell_Y": 0.004885117523372173,
  "prizm_social_one_C": 0.004560660105198622,
  "prizm_social_one_R": 0.005711324512958527,
  "prizm_social_one_S": 0.003922099247574806,
  "prizm_social_one_T": 0.005604034289717674,
  "prizm_social_one_U": 0.0058829630725085735,
  "refurb_new_N": 0.026333224028348923,
  "refurb_new_R": 0.006553377490490675,
  "uniqsubs_1": 0.016196319833397865,
  "uniqsubs_2": 0.005284503567963839,
  "uniqsubs_3": 0.005414250772446394,
  "uniqsubs_4": 0.005097620654851198,
  "uniqsubs_5": 0.004239928908646107,
  "uniqsubs_6": 0.004916054662317038,
  "uniqsubs_7": 0.004469567909836769,
  "uniqsubs_8": 0.004204603843390942,
  "uniqsubs_9": 0.0,
  "uniqsubs_10": 0.0,
  "uniqsubs_11": 0.0,
  "uniqsubs_12": 0.0,
  "uniqsubs_13": 0.0,
  "uniqsubs_18": 0.0
}