{
  "adjqty": 0.00860243383795023,
  "avg6rev": 0.005989501718431711,
  "callwait_Mean": 0.00462984899058938,
  "ccrndmou_Mean": 0.0056921751238405704,
  "change_mou": 0.010131404735147953,
  "change_rev": 0.007132161408662796,
  "custcare_Mean": 0.006275926250964403,
  "da_Mean": 0.004812335129827261,
  "datovr_Mean": 0.00465422822162509,
  "drop_blk_Mean": 0.006171866785734892,
  "eqpdays": 0.03038146160542965,
  "inonemin_Mean": 0.0058797188103199005,
  "iwylis_vce_Mean": 0.006231079809367657,
  "months": 0.021585889160633087,
  "mou_Mean": 0.012342231348156929,
  "mou_opkd_Mean": 0.005220434628427029,
  "mou_opkv_Mean": 0.007154945284128189,
  "mou_pead_Mean": 0.004592051263898611,
  "mou_peav_Mean": 0.007001988124102354,
  "mou_rvce_Mean": 0.0056124101392924786,
  "mouiwylisv_Mean": 0.006474002730101347,
  "mouowylisv_Mean": 0.005526576191186905,
  "ovrmou_Mean": 0.009237373247742653,
  "owylis_vce_Mean": 0.0049447668716311455,
  "plcd_dat_Mean": 0.004432245623320341,
  "rev_Mean": 0.007553428877145052,
  "roam_Mean": 0.005774921737611294,
  "threeway_Mean": 0.005405351519584656,
  "totmrc_Mean": 0.011197096668183804,
  "totrev": 0.005862903315573931,
  "unan_vce_Mean": 0.004900672473013401,
  "actvsubs_0": 0.00215841899625957,
  "actvsubs_1": 0.009558193385601044,
  "actvsubs_2": 0.006837837863713503,
  "actvsubs_3": 0.005528132896870375,
  "actvsubs_4": 0.003910398576408625,
  "actvsubs_5": 0.005115918815135956,
  "actvsubs_6": 0.0,
  "actvsubs_7": 0.0,
  "actvsubs_8": 0.0,
  "actvsubs_9": 0.0,
  "actvsubs_11": 0.0,
  "adults_1.0": 0.00438884599134326,
  "adults_2.0": 0.004051478113979101,
  "adults_3.0": 0.0040300143882632256,
  "adults_4.0": 0.004464431200176477,
  "adults_5.0": 0.004356502555310726,
  "adults_6.0": 0.0046421620063483715,
  "area_ATLANTIC SOUTH AREA": 0.004005490802228451,
  "area_CALIFORNIA NORTH AREA": 0.00442218454554677,
  "area_CENTRAL/SOUTH TEXAS AREA": 0.005497772246599197,
  "area_CHICAGO AREA": 0.004067317117005587,
  "area_DALLAS AREA": 0.004812668077647686,
  "area_DC/MARYLAND/VIRGINIA AREA": 0.007064594887197018,
  "area_GREAT LAKES AREA": 0.004003087989985943,
  "area_HOUSTON AREA": 0.004963025450706482,
  "area_LOS ANGELES AREA": 0.004396774806082249,
  "area_MIDWEST AREA": 0.006165464408695698,
  "area_NEW ENGLAND AREA": 0.003565662307664752,
  "area_NEW YORK CITY AREA": 0.004207786172628403,
  "area_NORTH FLORIDA AREA": 0.005252560134977102,
  "area_NORTHWEST/ROCKY MOUNTAIN AREA": 0.012420044280588627,
  "area_OHIO AREA": 0.006707973312586546,
  "area_PHILADELPHIA AREA": 0.004213607404381037,
  "area_SOUTH FLORIDA AREA": 0.005045060068368912,
  "area_SOUTHWEST AREA": 0.005164643749594688,
  "area_TENNESSEE AREA": 0.004845400806516409,
  "asl_flag_N": 0.010985443368554115,
  "asl_flag_Y": 0.012787165120244026,
  "creditcd_N": 0.009233882650732994,
  "creditcd_Y": 0.004348284564912319,
  "dualband_N": 0.006617239210754633,
  "dualband_T": 0.0036804971750825644,
  "dualband_U": 0.0,
  "dualband_Y": 0.009359176270663738,
  "ethnic_B": 0.005240561440587044,
  "ethnic_C": 0.0,
  "ethnic_D": 0.004345122259110212,
  "ethnic_F": 0.005115324631333351,
  "ethnic_G": 0.004289340227842331,
  "ethnic_H": 0.007581687532365322,
  "ethnic_I": 0.0027610717806965113,
  "ethnic_J": 0.00512659689411521,
  "ethnic_M": 0.0,
  "ethnic_N": 0.005727588664740324,
  "ethnic_O": 0.01211540400981903,
  "ethnic_P": 0.0023959793616086245,
  "ethnic_R": 0.003687910968437791,
  "ethnic_S": 0.004518555011600256,
  "ethnic_U": 0.0034522919449955225,
  "ethnic_X": 0.0,
  "ethnic_Z": 0.014668980613350868,
  "hnd_price_9.989997864": 0.007826206274330616,
  "hnd_price_29.98999023": 0.018901366740465164,
  "hnd_price_39.98999023": 0.003989004995673895,
  "hnd_price_59.98999023": 0.004392485599964857,
  "hnd_price_79.98999023": 0.0060319541953504086,
  "hnd_price_99.98999023": 0.0029998428653925657,
  "hnd_price_119.9899902": 0.0,
  "hnd_price_129.9899902": 0.004823627881705761,
  "hnd_price_149.9899902": 0.005836199969053268,
  "hnd_price_159.9899902": 0.0,
  "hnd_price_179.9899902": 0.002566579496487975,
  "hnd_price_199.9899902": 0.010108832269906998,
  "hnd_price_239.9899902": 0.0033827521838247776,
  "hnd_price_249.9899902": 0.004716048948466778,
  "hnd_price_299.9899902": 0.0,
  "hnd_price_399.9899902": 0.002849148353561759,
  "hnd_price_499.9899902": 0.0,
  "hnd_webcap_UNKW": 0.0053154597990214825,
  "hnd_webcap_WC": 0.004483835771679878,
  "hnd_webcap_WCMB": 0.002805260941386223,
  "income_1.0": 0.004015556536614895,
  "income_2.0": 0.004592850338667631,
  "income_3.0": 0.0034771617501974106,
  "income_4.0": 0.004830286838114262,
  "income_5.0": 0.004914003424346447,
  "income_6.0": 0.004636278375983238,
  "income_7.0": 0.003949608653783798,
  "income_8.0": 0.004474197514355183,
  "income_9.0": 0.010187607258558273,
  "lor_0.0": 0.005260393023490906,
  "lor_1.0": 0.01492603961378336,
  "lor_2.0": 0.0072206417098641396,
  "lor_3.0": 0.0036659345496445894,
  "lor_4.0": 0.0027512176893651485,
  "lor_5.0": 0.0033433130010962486,
  "lor_6.0": 0.0025438452139496803,
  "lor_7.0": 0.004568059463053942,
  "lor_8.0": 0.004821034613996744,
  "lor_9.0": 0.0037691344041377306,
  "lor_10.0": 0.004068892914801836,
  "lor_11.0": 0.003999523818492889,
  "lor_12.0": 0.005714800208806992,
  "lor_13.0": 0.005220399238169193,
  "lor_14.0": 0.002056027762591839,
  "lor_15.0": 0.01040693186223507,
  "marital_A": 0.0031493031419813633,
  "marital_B": 0.004239288624376059,
  "marital_M": 0.004694805480539799,
  "marital_S": 0.004867497831583023,
  "marital_U": 0.009600309655070305,
  "models_1.0": 0.012467931024730206,
  "models_2.0": 0.005423340480774641,
  "models_3.0": 0.003932715393602848,
  "models_4.0": 0.004050155635923147,
  "models_5.0": 0.003913611639291048,
  "models_6.0": 0.0038954683113843203,
  "models_7.0": 0.003923108335584402,
  "models_8.0": 0.004312600940465927,
  "models_9.0": 0.0,
  "models_10.0": 0.0,
  "models_11.0": 0.0,
  "models_14.0": 0.0,
  "models_16.0": 0.0,
  "new_cell_N": 0.003840372432023287,
  "new_cell_U": 0.0036868301685899496,
  "new_cell_Y": 0.004417183343321085,
  "prizm_social_one_C": 0.004432304762303829,
  "prizm_social_one_R": 0.00612604059278965,
  "prizm_social_one_S": 0.0040220702067017555,
  "prizm_social_one_T": 0.005347043741494417,
  "prizm_social_one_U": 0.005471792072057724,
  "refurb_new_N": 0.028591156005859375,
  "refurb_new_R": 0.062024638056755066,
  "uniqsubs_1": 0.015311370603740215,
  "uniqsubs_2": 0.004909316077828407,
  "uniqsubs_3": 0.005181020125746727,
  "uniqsubs_4": 0.004262440372258425,
  "uniqsubs_5": 0.004019876942038536,
  "uniqsubs_6": 0.0034756518434733152,
  "uniqsubs_7": 0.00411140825599432,
  "uniqsubs_8": 0.0025519875343889,
  "uniqsubs_9": 0.0,
  "uniqsubs_10": 0.0,
  "uniqsubs_11": 0.0,
  "uniqsubs_12": 0.0,
  "uniqsubs_13": 0.0,
  "uniqsubs_18": 0.0
}