{
  "name": "xgboost",
  "params": {
    "n_estimators": 508,
    "max_depth": 5,
    "learning_rate": 0.03782867652418554,
    "subsample": 0.7489302672239936,
    "colsample_bytree": 0.9588132386089022,
    "gamma": 1.5211842297606228e-07,
    "min_child_weight": 0.12833122740171643,
    "reg_alpha": 0.001486341067337639,
    "reg_lambda": 0.010315578331016186
  },
  "metrics": {
    "accuracy": 0.644,
    "precision": 0.6398797595190381,
    "recall": 0.6442695722356739,
    "f1_score": 0.6420671626784638,
    "tn": 3247.0,
    "fp": 1797.0,
    "fn": 1763.0,
    "tp": 3193.0,
    "roc_auc": 0.7001953631289207,
    "pr_auc": 0.6886948612232966,
    "brier": 0.219593804790469,
    "log_loss": 0.6287924772169441,
    "ks": 0.29008198394883694,
    "lift_top_10": 1.6101694915254239
  },
  "saved_at": "2025-10-03T00:34:02.352763"
}